ad_spend_tv,ad_spend_social,ad_spend_search,website_visits,conversion_rate,avg_order_value,customer_age,sales_revenue
16391.312233313733,22021.90279326196,9879.322296037953,44268.25300875194,0.023891659569350313,74.09394406204638,25.41221543813225,118759.14718129442
20884.10436069699,21292.078900859426,14566.666977062136,34938.37553631926,0.022197831163970325,91.91670375950848,21.474913105592776,377450.4854358861
17266.599577063673,13136.777723527348,16948.442682971763,48468.14382178172,0.02526173846223617,76.29166302388467,19.1641161021242,276551.3047447105
18641.724448369732,14396.649153733219,15211.831679937559,43272.70835783228,0.036275700054433035,63.796150723947484,39.129989121377974,257443.84019588455
28367.260451492686,14704.209737566429,9811.192590577772,14846.615719972782,0.02785769987606493,89.85249358438934,32.859323022721384,309078.3858209573
26702.30525895174,13193.36209536151,13084.25195181931,74635.66429401995,0.03910891571384877,71.74303387580696,38.794053976051096,367182.70264063124
13502.093815362012,15780.099936112507,8120.575368724057,63065.23585060006,0.0352777099900205,82.89805025508461,41.90472686121513,293537.3322294202
24148.66208939587,11966.87172444964,13717.170933527028,45484.391300900046,0.01925196629249557,67.838839407108,37.65616993172534,297440.654823581
24056.98277245796,10477.538660249895,13351.810238587617,50225.82859688718,0.04023980467377352,65.25259671753845,41.57763176150374,256534.50122321912
14258.683556236909,17490.844895601076,6390.550981403508,35940.14783218926,0.041486389164733684,76.26252345278544,34.30467713757731,242923.71233165258
24093.888218774304,17518.118336887244,8514.648468262909,70348.67453373039,0.027049098601321174,75.19242965315527,23.130066116942555,226210.22779975494
27689.659592062766,11782.736961360031,11150.5833097687,72767.46433727734,0.038361532343159935,82.1974055305025,45.57814180820796,208694.4004142729
14387.27596877793,18581.4217230504,11097.420758577522,51880.3247389583,0.028148014100726412,70.97031370035386,29.10887867218873,215649.29501502513
15412.485894928683,12473.689083338675,8371.569193743584,62282.367730224134,0.03578136301398668,47.45460324344404,25.64403701237574,182472.20178285084
25088.307334217512,16012.660952151924,13166.936188056552,52103.44134720709,0.02488401274436028,68.50839174617417,33.22082124195602,246206.42746574883
21357.47655412824,18281.376050449824,12754.420826821537,33959.29473348883,0.02065514837972339,86.90727700715723,25.87189080703487,165766.62113868067
22757.381376197616,14865.549741185148,11417.192604064443,45058.11957243611,0.03193746248309626,70.53935881135341,30.825696180105677,259545.82620718554
21702.946082002483,16818.96364856454,9732.625499524911,51583.135601263486,0.03401016842980131,71.30424896228178,38.440539215634665,248183.4695978829
21953.47960464072,12934.281424449713,15146.121379249691,44545.42737507867,0.03181856245108317,89.79564758858905,38.48341739246127,257346.76491933438
13367.639358444585,14214.133666287611,16966.221339264885,47376.160670779565,0.02552775553421953,64.32040159111617,26.021699335743705,223893.42149900037
25236.588533107242,14176.562276478639,10549.315548460389,48903.205309890625,0.031800807502950904,51.857951726356504,30.122946270512553,403843.01850902516
25847.949962138868,12013.686613839043,10163.499248535538,49029.45802561446,0.03715435802064587,72.59053320711759,45.743330047702436,318005.79500901565
18853.046279659862,14292.903347536872,13473.622996235988,50627.1018859698,0.034640855759019706,67.73739073126895,39.96400117733941,187772.87499576385
19782.61525093069,8805.526804545014,10925.91186075904,37272.73920324079,0.03646000824479371,60.50630520370119,55.750650393485415,261643.40437134492
12344.46248722139,13035.385011431581,11581.808398010298,41395.80621046477,0.02963907839636614,72.36932316151965,46.80128173741528,219599.69285313383
22571.273780089174,13860.498026521316,14218.959455174014,34584.98881160037,0.04437374331772928,82.37258470870175,46.44293068559939,199276.0136646293
22860.28720857072,13975.28099001848,6271.931737478121,61733.78659623441,0.02559061330756176,74.86067157648276,21.12131449544198,182996.39644380327
19689.044915003444,14034.010216516885,15954.906974558007,24732.236697916105,0.03890048237669375,79.60471609029356,42.63860351633423,271610.8345379627
25621.766799352514,14752.943200559484,12218.041572988024,63843.084119803105,0.0444551287436797,102.20111547773135,34.46893198303089,215930.9882465213
18329.6138451003,16917.766072344257,10765.520566313458,66636.19276715412,0.03884726474199117,69.85681707663653,29.490181964617506,298391.3012012602
22823.029629468,18498.06829653009,11732.297537335653,46373.83295620854,0.03337980618348136,79.17522951967004,36.680153405325285,299689.11072652193
14901.678306539423,12400.939092606932,11887.288065061557,18762.354946072417,0.03077362362669617,67.36179956101299,44.45211534611484,318695.71926057246
19882.23924562881,10187.196578443421,6806.396089665223,45664.27325639252,0.04328870120837005,62.304604201695405,40.008315910042114,207380.66169629482
19128.228710485822,10831.82235102759,16484.81468235971,49229.790064534165,0.023616200597906617,66.22638519873345,26.2152619865794,273768.2805346005
21126.53961020471,13051.188315220292,12123.976896811855,37872.821360853035,0.027239005916962853,67.81862142717468,42.424589135926205,281622.71083211503
18152.365355833208,13592.314728733963,13329.006391342125,43817.379274301085,0.031819537876066235,80.39213696320688,28.62412457924036,226291.09124480176
19342.63702164166,11920.01573521017,14854.649311722129,68362.34238636022,0.04490123006009599,110.23613680051136,37.16683118964286,211411.40213035623
24130.23585720753,9815.533343000421,8936.5126273191,57979.125947620894,0.03803814108832717,64.2593484558624,31.966499325228657,330476.03328879864
17816.178813808914,13175.516690103246,13420.415697105685,38905.2306274628,0.02725563393191804,68.75062041576807,32.811337482643744,261374.79378660268
11967.114496306604,15725.706480455885,11197.07672730362,30828.809964854816,0.032517538356920776,74.05315480333128,42.662429750405096,281798.3875355869
28747.919521027103,17380.11786334226,14540.31232564948,46075.792188682746,0.03008541484722965,80.9369827306462,24.59806280184102,208896.19940860363
26907.270393452432,12770.307787566715,5618.317738945514,47438.51864779474,0.029321688062131722,78.95326217932177,54.45195074276933,189035.7766738903
13538.686524471907,13348.008711426264,11702.717099276193,55954.39024835979,0.042831116468454236,94.26143690922176,16.789139307055038,221527.51127539447
23448.53902622597,11293.206764610757,10191.538032648115,43576.19944918809,0.024026054965891958,38.604118941971876,29.02332316745143,243798.93063050014
17485.126147243285,14874.243318500894,13296.788851902467,56137.99490434234,0.04787024684587499,39.19605194706491,38.70211889941741,196788.99965913256
21317.436076655296,11606.285463236742,13410.132562104607,73221.84848072275,0.041625837521476985,67.56182741984776,40.8431416643531,249507.75956748085
21471.12064506747,17292.5112529648,9877.122315533921,59786.01226933115,0.043726893364829586,91.45950281315564,33.99524279428295,165574.740596575
18827.96099841839,7856.534032263556,9863.47840747187,49422.93791203073,0.03129648390379794,51.51527952591606,34.42609296998457,193997.62887650638
16081.171672068018,13561.48131019015,11668.003894328012,47802.19434736046,0.03380047424736713,29.88551490459364,39.10550085327617,283545.56241384376
16547.294738418703,16204.429356766968,9310.073318054376,45719.922389841544,0.023534785483802306,83.56769109328813,32.6893052254232,280189.5260138947
15419.040422593787,15735.338065290018,14525.951086356381,64167.690949425734,0.03080270074346558,78.65485835554071,48.93181257934906,230406.1617306567
15840.888958847776,25772.134655921986,10892.378398657662,42472.23864858437,0.03894923878114521,58.64687389800855,43.39349114231602,199111.78454615234
19664.108549753222,16399.20009827163,3279.0353420350766,50542.67250799979,0.04536850449425117,60.21690598918605,43.728243510056345,198629.82242369946
16421.200054446243,10983.78161263196,10875.533830134582,50614.37482257302,0.02614274546558039,60.45384420547988,25.33843276629583,231336.58770293428
23410.260328563098,14618.143011643708,8884.368537468083,43978.589686261614,0.03207595250411788,76.6580297621091,34.206115755942974,282225.92458226456
27436.230776679637,7895.014666134193,7106.172553617163,33530.41342539079,0.03378960623813983,65.6052708572549,31.995340512792964,296412.28456721624
17099.733793149786,14677.601002812957,8287.720085332283,53875.69404341202,0.023833686382460122,82.4109587846328,24.943986243105343,225173.41322590155
21197.022502676886,11667.775771996965,12328.22541549891,49267.9523377354,0.039730793934067206,32.18060005643414,38.60164183945767,192325.3787007608
22498.42555151467,18661.56110224065,15985.922484744693,56002.88563323884,0.02920807734605913,62.14722202308301,29.623542422201837,263392.1818933167
22360.011354596372,12801.83890161786,12939.55342159494,43596.79632273,0.03343687719058381,58.10919058633425,41.55403829850237,208823.25146870752
20379.776339580436,14532.936336819013,10180.48983535278,64649.85558575657,0.03138440502470498,71.15488982441262,24.29808437105668,224087.3680569399
23713.41209179861,12457.768634382386,13367.712585512108,39478.71462545786,0.02868529195424261,66.92928362264792,52.19040612841821,316263.8045218519
22411.244763403287,21955.405407413324,10622.729069343024,70544.48340821471,0.03494364011615556,86.9676566984365,26.03667341407938,291355.7714282884
13811.68788836351,13715.028935528353,9916.198892510565,29028.36188206086,0.03327512337145582,47.109948425099134,37.19302337200436,257898.7156125726
24345.780321946368,22330.228173916807,8536.911995301047,55217.240774682694,0.03202513694177068,75.68237214496128,42.918593103880674,186404.04994436385
24436.45418633371,18256.607048473066,6744.513579744843,55705.168190319484,0.02917230702655726,83.37504634817559,29.29359569799887,260569.82837353295
16183.569479107093,16928.266909341546,10830.228880321663,40453.31518470941,0.037556197366263644,102.84971154842933,43.52468643432951,303132.86453937634
20189.68917723801,16474.93258927008,12474.160469760396,55092.72725433215,0.048228938147938286,67.77351043359788,22.708164021995838,231218.31671172322
23416.644964055347,16575.189192865007,11710.12898995533,65354.22403712191,0.03611909786271302,79.86687906528776,49.521176991825605,317555.7044993357
18953.43090210319,7289.30968261756,10752.099216157923,23398.173927751228,0.04296894571928903,47.94205811156453,35.141492649657586,314637.26447591034
25364.89023883006,13884.466423396974,9162.761817909657,56032.937689889775,0.023878224598772303,39.120656935304645,29.035885920311202,333186.64160717366
31819.362473096804,18380.631884737286,13824.738575054906,20080.75015603907,0.036262091514350156,87.6716156367255,32.00818227572566,265262.15632656764
16070.069836825089,14804.411266103578,8048.604240160244,38412.02235772151,0.02622105344823147,74.91659559527893,43.089192693927195,279369.5849903006
13094.776984231125,9379.2406127857,14328.083741530427,69549.99637881134,0.023184600579744793,92.67769034697633,29.155447081495616,320709.3644165545
21519.09297802438,14790.382197690122,8993.348943219826,43018.61559929535,0.029085028740327715,54.39895666545377,27.506423105772225,272369.69685344875
23607.812525630718,21816.422065021965,9742.694287940896,35913.440427092326,0.04453519467530859,82.79853209293128,32.78463402416262,224938.29461048936
18845.668130776154,19987.566862138876,7599.644428152969,47624.74725218382,0.042600126629357166,103.0322676081578,23.23037887230032,227572.85817360692
27266.303316605172,14751.983962535873,10495.79355934309,74814.87605796263,0.0369440377764352,81.29558412535899,53.205439079418156,261927.74768868697
13306.971001383756,18805.797108232346,14925.937375433936,28019.813033527687,0.022738395520880555,79.14872258386573,29.336054087852766,185471.92890268908
23464.593115158055,13533.971918527794,13546.88426533187,37384.28106032786,0.03342975478889651,75.12834121236524,43.31616786180403,242837.05423179036
16970.695896205532,8184.513652693125,14935.266336084105,67969.18019815552,0.03741360007121389,51.43677814311132,37.09470083647773,304827.3559115127
28596.889531036482,11302.136047481783,13566.427637801808,72292.42812245278,0.036404289836628786,95.33359403565522,25.15465949518032,140437.30744173593
29962.57676584059,21251.55507403279,8688.990514408892,48758.82530851659,0.020249651332154037,65.83713540292402,34.940452907872704,326724.10508972575
16166.71706108326,13904.027672682783,11007.632327017327,35131.36756968029,0.027877457215841027,82.56724884574525,42.84002779310748,306118.71093515796
17252.2143204571,14026.464082499928,9659.402612647613,75150.1220217099,0.03448737788681027,51.554485401431194,33.11738664913693,227011.76920847618
24297.93943489901,13800.647214900479,15991.72471211712,69133.30870099037,0.03929032727613752,57.308105032383295,46.93112945851028,277169.5413935905
18064.346751052428,22616.546358292027,8409.634060721066,58147.363853146795,0.017430977431200433,96.52631098833353,45.21515392781864,250157.38634531634
19772.94391033881,21503.835661448255,14681.093068167333,40251.17181275096,0.033703008196161136,69.79046566563235,44.1891485465833,311499.51842193416
20126.94210271205,23875.120933792536,14678.861610326308,49411.64790994356,0.03614439015903162,96.79913214063816,30.40343227727003,299134.15713849704
10401.634219011718,14363.819158399794,17488.86060514826,48075.67902746203,0.04179689590812971,73.82654011412224,24.20157552218513,179996.46384084952
19930.811269528815,16182.497954988381,10770.940222111509,53970.215655386935,0.0405428606738995,47.371533405632135,28.864123946372054,279363.12067320885
16551.36112967913,8933.429802316836,14136.966478740487,67412.01725757604,0.039660570550470446,88.3810139959758,36.962409406667206,239718.60731783762
17534.38588800114,20907.737704473097,18844.955509616528,60553.00449364884,0.02860047594638453,66.15161523366588,40.45786713532355,254141.628525905
27218.16001734407,10328.88179492826,10147.07496919891,37071.4870761829,0.019735982903013545,85.48033220275565,13.284285952395525,213591.4049515092
13717.46552860372,15867.102255050517,7394.879257402921,66517.95740023445,0.031855577943508795,75.37816301310123,34.9188679838825,337406.8534560418
24066.025933739886,10610.789889468624,6359.969898276709,53757.58568015786,0.04301305460166849,51.85322658085694,36.580892253231845,302003.0909951288
18605.185348340958,12644.532693045216,14138.136086583994,58244.789550306996,0.04614763622019545,77.46442148055854,32.224557436844485,213011.44180135164
18601.199157520827,11650.950275801199,6350.549375824248,67598.49031134324,0.040684392818382285,107.94334713229199,47.91273839015879,183269.46965448838
23951.859480258558,12568.498957296728,10883.042841186232,36661.03700583739,0.038434726582413876,82.39479687771689,39.21780074250871,230716.36845110758
21700.256472844452,12843.509187404085,13311.939561116882,49570.09305552245,0.03803711718708773,74.13723370491806,48.10191908080897,271725.1323045653
22853.064986097655,12806.924820299691,12555.526610489742,43622.545383689416,0.03055105002591376,91.13015102935347,32.84039479649768,262010.29219731115
24840.923302664305,18333.33564712123,13276.334592552517,31185.68689561453,0.03395951765157104,78.16002697804666,44.37477492506925,312656.6412384122
18343.458084083388,10580.54882774992,12666.869567402562,54160.51973125904,0.04835255620661065,78.14301345394192,51.350663945275194,289495.9861090426
16938.81632746125,15882.165708055467,15836.59743994018,80138.67861901308,0.027459535953664994,58.62562241761346,48.116934492726614,298478.4512876453
14574.24736721101,19871.836609222235,9143.050857783608,27919.067065930965,0.047918230325678816,78.50772038684397,24.07858406571267,266342.77003052185
15872.947350105223,12947.214541946416,9969.014584624407,49612.63266740635,0.03242377476406354,90.53165124625417,32.46323922457619,180535.0634894505
34745.472126543624,12128.324437009593,9682.021664187529,57686.51522089728,0.04560345687276063,62.45906771849963,31.548352945502035,240215.07344265492
26223.397903683934,14077.901499278996,14490.57543558783,51476.938419874175,0.023745479924019697,96.36743731870422,39.89254535076328,303004.4869954333
13244.628168959895,19718.90083344284,14701.195765185192,48642.463369811114,0.039687233609317196,73.6244096378231,41.86353555014533,247423.8535737677
13387.71021628215,15776.430523813431,13353.675957955526,34409.40363865011,0.029105838912419028,61.68345732692189,26.61107325974264,275154.5184311873
22409.330308592456,12875.142821569607,15550.481000669784,52793.440915281964,0.023677862464606503,89.96448115380366,35.67838513916938,234062.58423769334
22736.323986889834,16935.506604752158,8465.877397870858,40918.83227580888,0.03674827233928757,70.69808646392596,14.800726678438636,198509.40757290774
22744.419176586824,10590.831400654308,17001.672334653413,23720.93954025736,0.04307577430876775,86.39272331229162,49.419450058018896,243832.79679769446
18725.22103223151,17725.43804177179,16569.715865136775,64335.10664616477,0.028240468491252033,70.62362051612195,29.876257593233063,265452.3721516327
19372.7286999855,16634.42923080707,14206.86599173724,61500.629838104505,0.023007872316332792,74.10260784705144,35.55863939844497,217215.61402692783
21639.397620796786,13768.766115444463,17345.396726313178,50619.93172221296,0.03426524188532036,82.40340306501437,31.90350286011939,238214.43775716657
20429.46503146665,11645.656806211076,7030.130376966678,52748.896258468434,0.034300517369782554,79.36345586385009,46.46027575013415,203026.83790070086
8903.498136262324,11453.276310866171,10426.655591212044,62891.81615258673,0.039386557020435996,45.067023293223926,6.624935586026211,305962.2458782048
18851.001847124033,17139.26934538364,9794.089617954143,52692.07588133699,0.04259675657091591,58.181343898584124,34.83389657674091,235277.2121205983
15742.96782869843,19915.922009956248,14164.43797127203,60848.21065713577,0.034524678549820054,88.94114977186223,33.94181242502302,322637.7772563092
20876.05709454256,12450.76901188482,8849.577781193562,46430.2135895138,0.04984402651835411,73.01795116647679,30.463636124083173,326437.39252704545
34926.29501301705,16833.546814205936,14272.485448012456,65743.80486288737,0.03679387795628234,67.14403045842867,52.262265456356324,245947.7017639128
21837.408327371522,6651.891925591724,16111.60843199014,53849.42871119221,0.032228587951944804,54.621389771137885,26.126705411442288,199577.56337263252
18432.35156913801,12661.529077371202,14085.608700251998,52328.62332327049,0.02210746112717738,58.803955180862275,42.71796177235661,145705.10611333314
24609.00750988626,14875.764268516392,12851.253070984503,34759.26693545561,0.03289872383747066,44.67302040057079,38.56252788706084,176398.1463486604
22413.439436046065,11361.266332072666,9036.379977297753,53443.47025162051,0.03230890443671092,73.480789219477,47.615192525355155,181308.258755067
22100.472452259208,11253.974500841616,9459.447101623906,40016.54099006658,0.04268243837025176,66.0234362912843,28.328109152224947,318923.4813730752
23034.252966078355,12328.881774124455,15748.85671589,42340.60728165807,0.03869986899253484,60.50118163522027,27.67031100876241,255791.2293613473
30282.71782414771,16168.770913305492,14338.047011715997,40215.492460206544,0.025565047026939066,73.9781486224807,45.960699074773984,269480.22620459937
14345.557823370422,14250.6839263745,11882.941441867368,37205.1808172093,0.036378035091288306,80.45955946279108,39.253213083301105,138978.9495532437
22368.16038405727,6047.075066700112,10746.271362702328,75497.25683620354,0.04037224937383243,106.39796898314917,19.550626533232414,190101.67853913692
15368.094350092308,6517.199389459734,5922.57638066587,65976.06874386084,0.047224250875102666,52.321748706551794,29.606949855367297,294353.98882231436
22777.56323171124,12572.539288571297,8787.442743946684,73044.41002573114,0.042100031739312475,92.39071564950783,38.86382653848061,264338.7056191293
15406.567442569529,16830.746344214207,17734.25726141917,35325.259765333234,0.04108677323449183,89.59652341522607,43.37764221546589,242639.73606572015
17913.165931974578,4009.980629099062,8158.633286992599,50855.04499893071,0.03548068795692131,63.31360890934949,28.20769346807045,278242.1179300061
18524.550428810468,13001.079295393478,12568.439463663242,34477.90849755085,0.0381064960433876,78.04853931879046,5.857440101830591,331789.89030679077
24879.083596723547,12895.008573930316,15022.331919585595,41651.661473635235,0.04499603920564928,68.13550125993577,40.23223185737033,238947.87682314747
24592.272219712067,20553.351112833792,8235.231995993123,38982.4761990011,0.024337780820162806,77.78532870628108,22.796793100560244,253468.49013290348
13771.413117768077,13459.912753148545,12554.13142434325,64875.00807729874,0.03220448538226436,97.63696520106825,14.826612018775887,259629.84593656525
20274.670554999244,16531.955938963714,14813.746612531966,45245.24386277888,0.02881945000995008,84.0840934894697,6.676740750158594,369605.4817636996
16452.10072625414,15565.028560349852,12037.497965721752,62820.552004328194,0.038033224949809,82.62912559850163,43.139808601977414,145032.1867790487
13707.475446623328,6477.734080771197,20605.209167000306,57249.45067506222,0.044841777405206305,68.54536020068036,36.28617450404967,284161.1507394404
18914.91474787815,18072.82886652695,6994.202223365414,77643.66502525748,0.03022420570623141,52.73915002613497,32.74343619287748,244259.88756204682
18457.586057720902,15861.586021825151,15176.185589651637,32246.669322323312,0.0158775650602445,71.87297684189389,48.89024362962762,278338.586309209
32133.582431727613,17033.074558698358,11481.594787810607,65110.798877441586,0.03170223403980424,93.09912232295872,41.37324683023073,217131.37230026379
22164.799126803482,30704.950825745305,14315.760464510025,63757.290444808736,0.042307789856139255,52.09248215115529,51.16300042721917,247551.74845707748
13111.912496228813,6663.548242005647,13323.921455097738,38319.45394367559,0.03930103922359904,59.173659477349574,21.072645278330036,285570.52897327475
17176.129979145288,21898.786599044433,9800.531408670011,62085.60003767791,0.038425489982484615,76.89401604351102,34.65449376046036,405645.510052192
25106.91647714699,13850.209922398577,12686.98917737802,54033.739556314744,0.03276005358500417,60.23017822729106,18.832866250519857,290401.8094701036
30442.213864349626,16149.315617612037,6426.2956458051385,47270.284880559106,0.024767754110241715,63.112148293271815,32.70617668144533,207596.72009847456
12070.083438810208,14817.95101879503,13809.742501714181,40112.774156336,0.039122354572995746,68.64602127407734,32.513841462333225,228812.01589886483
10600.378074304776,13303.054666407827,12894.475397971577,41370.68658260977,0.028325745519723007,54.51573893714776,41.26613637263071,227329.2945808073
29354.82587685891,12720.668287044966,13915.980505929307,74597.74514943111,0.05247277386704365,60.38817230675448,35.455638811418986,160217.84136849924
21948.07088685452,16318.034942292037,15174.35497526145,50008.19382748979,0.03956405766683613,85.55141875180963,41.23407138279916,233495.49041492812
15658.536340618168,8931.305213313284,13102.859520629132,59385.56001837751,0.030354813579568395,55.38945326653554,42.03440133138894,286641.4540910873
22673.145430612178,18002.316670087064,12444.268259394828,40509.20741998936,0.03010891802089098,51.03191798257744,56.54928677383142,186288.39404616025
6821.261304915612,13335.222380458985,9356.794990016124,40641.764645340336,0.034256446347091296,65.54962530699159,31.847033447138756,302424.1325525296
20016.877532985804,10479.72264383857,9863.337709052847,62983.817710999305,0.033083984623826,85.97933253764768,25.58977299333621,274388.7410542169
21639.105864215428,13199.948568016745,15560.203860531994,33805.08546138161,0.043934670204239634,72.04617288004665,37.46083615316409,213288.33390144812
24621.350697689148,20028.59686745029,16309.006217117934,45017.43478513674,0.03649132935795237,68.03128382826573,26.977199728604567,242923.51813310763
14930.520238537312,12858.659651935108,11285.668691063838,50408.32893286678,0.02914694608873178,75.6653819627341,49.81960768436536,329916.09038205165
20428.435807016795,16433.81447283848,12138.008241759822,51336.47122208063,0.05012352548124627,48.81438850710522,32.167819610547674,286677.3906752933
15372.876869702064,12076.174897138108,9286.156875018702,47850.88057980612,0.03539446665216178,82.42058480662548,29.344236321260098,250439.1827449074
21276.918778371586,18031.687399694478,15518.270535802334,54749.83737315108,0.041150717407751176,80.75152547105466,30.28684278848882,238115.83415195078
15523.268388184879,17742.030955160815,13996.250471075336,58314.26906981374,0.03013418794044193,68.86037288856419,42.18417423471641,253830.45352258297
17959.495804198898,22394.435333185647,17823.652309391247,58815.65054551196,0.03790492502195619,90.08886767694625,33.422530167685146,224411.82210288482
15020.923026048855,14297.744218003138,9365.030768460783,38170.35429598608,0.03748887992914556,58.087558515704416,28.58333179869618,144762.52471404927
23255.681209118284,17674.619219031625,10865.976302945348,46590.13882485443,0.01988280566323078,91.91863489880353,51.65351917623531,352108.8955267365
24292.255583283328,15392.270158155778,12694.337767576717,64337.15434252325,0.051122200883685125,77.31740498392877,26.438301593382498,257766.24995997007
18826.89715021293,20183.487127452056,13939.468613177312,60735.76625088647,0.04532515568738038,69.9517111518274,35.35566074032994,269907.3632561269
20191.18997480014,12124.670449565077,11352.997087357104,33525.68658222724,0.031822437470832105,74.70189546947533,41.5230615161023,247104.61250615458
12757.04292683228,17980.021251509126,9381.116728638899,54217.75880422642,0.02618184207635316,73.39102851283587,18.68664889582927,213244.1599637706
18501.616759966066,14221.210815533273,14644.222586770713,26261.29700750228,0.03778049291042842,93.30424344626576,39.80260501405925,240703.77595256147
19748.976914791278,14743.24729156601,14163.406087636744,50563.218824724434,0.035693581595315174,58.8498130879348,24.448923245195505,170030.26189028443
33103.965455149875,15367.009937793491,9251.177698308826,72773.20420095173,0.03784535158850584,63.56221141280103,43.227827808340024,363854.3249026652
14440.164871129182,16008.96158570671,16066.328403316487,38625.28739277217,0.03653261916955272,90.5445433810872,25.373489880810236,188274.4000788802
27320.886193762188,14535.083827512168,15510.596127589812,39988.12345410101,0.03904992791444741,66.06697597224212,41.92769031848861,198401.685807641
24984.29386732904,15858.852732682106,12402.889491743379,59168.357378874316,0.04657844559513445,88.50799615997387,46.05833066294713,227987.03978067997
21403.18202245068,21312.47223024874,12238.79358712811,31486.38181748425,0.03954482564102917,100.49153974513064,43.61436525632805,314403.78624261887
28793.102420975665,18941.798742460873,13662.173313347721,42406.93964137953,0.026602756008720474,68.97307459587549,37.513166482381024,250725.4499631327
21860.527363034314,18476.618369987587,9414.890789231225,57157.29365098103,0.04590050282169962,85.22043489862958,32.686990570703,188193.21019847688
21945.795978339644,13177.841895904518,12090.094437492247,42388.569827727166,0.048124916507906304,57.69461577990212,29.23580423665156,312716.918037867
19734.396734912272,11443.036687086704,5542.849366172459,47168.36015346834,0.060216453876096684,86.32099947101713,49.71034690817104,286550.0313392741
26117.844412093138,18821.20223295101,14629.366936508806,58930.22852378042,0.02601204773408322,77.9913597898015,28.005047798323567,276921.7478608226
25482.346169054417,18504.187170119178,7315.520332674422,55058.55300243873,0.0369430561052022,82.09557423240322,24.62933926430004,285786.712058542
16871.613562518938,20890.682703003928,16510.259485286995,53201.820755544824,0.018343210374488106,65.31641891946907,41.6536893503283,369718.09502912255
13403.764027006164,12584.077496123082,11009.639718100649,45930.53264875954,0.03942519325103368,50.08374876649241,27.038631968135046,359254.7447518056
18985.096813021715,14081.805378558613,11364.99905420647,54440.73338322747,0.030614397614665823,82.54878097124256,25.499365025338726,215664.23284983524
15999.807178011768,8442.063349898264,10116.798281746484,48515.20783880292,0.05038756635859963,44.04895271280819,20.56395737830235,331194.2496405576
19682.377126923224,13430.115575756508,11135.883378233772,55493.667319109416,0.02880308023985135,70.23974261636198,30.170901605394825,269158.409487945
26187.190673420697,18986.28204231779,16255.59403544411,44036.815698584265,0.02148653569626191,89.11772799629955,34.17284976103507,274954.7908068875
17713.49172456605,13134.018483087208,4536.574030394761,47809.17230744551,0.031229890074379846,77.87846603809554,37.43091727660699,165386.45841783355
19785.883093442124,17561.919180803296,15830.896158264564,38120.50648937583,0.019196097830262902,104.22513967184719,44.51306244299484,241480.7117305902
20290.113674041975,14237.987576008754,13014.070443305125,49579.90867992517,0.041008795636058484,90.3766372887266,40.268979236657934,209358.82048317176
24242.154411026422,16296.228112886243,8378.935056428352,40267.98963645386,0.01847933562994944,65.19152417511636,33.091277804468206,291402.94074466545
8765.553330076973,10409.234440737331,8774.062820852287,36631.44259805608,0.035227660649465274,75.40970069777158,33.0180432362028,303554.0250201402
16966.498526173516,15340.837798535604,17029.17908162461,53103.93377426466,0.018377505441150428,74.28943946183347,40.10157468915183,146275.68244918442
21056.418461397363,3035.4561163971066,9163.479360171807,52552.87731029192,0.03243761756370687,51.26734854980809,47.725701629285695,248898.25679978647
26000.394782134306,14252.415367352061,8539.948468212122,59394.484819382866,0.04814702524643628,60.8940162527347,36.263141994832004,306093.0752397126
17540.487762468976,8478.10702513944,15411.943627094188,44826.493165098815,0.037885183131486366,66.5885863953021,30.30869145789591,240666.05188432775
10617.23646979063,19823.978066187265,13015.658628857742,54896.63416204107,0.02809205116028053,44.456692457160955,25.071339989144548,286453.18225011823
23098.55722983068,18109.629411058046,9186.223270390803,56609.57086728396,0.03475037208848733,75.71240202377464,20.547947355877746,267558.2733813542
16823.188055871855,16866.683927864324,12649.874926213857,55337.28569397914,0.03514413497635557,71.2639223302044,41.662696720435235,267083.0115976313
14051.666704548194,21084.02490863752,8922.741949079169,40092.15580637429,0.03878104276674725,49.906591480326384,40.77978523639557,236434.25109658513
16878.27305143388,11204.33391670065,15302.464195267816,51792.36178725427,0.02406513309375339,81.06319297915998,40.773635251066615,189170.9597932145
19077.37321172075,21989.452791662232,15184.1128946194,54369.68355265594,0.03974053819077865,85.7380911703644,33.71340553647944,193923.49262874865
16976.276677308935,18728.766257041538,13596.01859646583,50086.1416028953,0.013364866947177801,78.40551718297333,49.069347458917505,285467.62572276586
8972.169714504655,14053.778851124216,13084.98318374105,24962.268099546985,0.02996092358108952,70.13897737186545,30.158815054151823,250972.91277594416
24485.330984435663,19542.480588731778,17283.564374602123,51925.87548768176,0.031093809260387646,83.87163227627782,44.55269237207206,243074.38776963876
26374.37520639361,10574.825950353463,11999.058982164675,76550.3724727669,0.04006661460856991,85.20330540715037,34.61257105010457,228805.49788388237
23257.609956697528,11701.943353889306,8454.377623737597,45679.52877491621,0.03518104682141496,79.61105354579533,28.916492353206625,234740.55772596243
14311.571647875917,12565.641107041198,13348.42173849692,41263.07482573615,0.023755495569149708,62.630816243478584,40.925303073177616,302345.58972440695
18992.54233026241,12884.08916774394,18258.141148611343,54480.18271653678,0.02712005499346388,79.1490114826677,39.096361186839935,233237.79590659865
19967.39342385271,10773.769428958989,8955.721520442443,53748.53852559886,0.03658944007637926,92.93220976238219,38.56972759266926,182946.76433492155
22993.97194780955,19892.332268381302,10915.611699918043,64312.821984996976,0.034367461265083554,66.05056412082405,35.81278422056199,287182.58877700864
23341.702443590402,13964.582398520673,13249.338114304359,34905.582129093345,0.03036700712291403,106.46909008698647,34.62106918283169,239756.16680676414
16329.131006107522,16410.019873427518,11838.285452982782,58776.56303089991,0.03115332968390417,67.11553599021923,58.88371992870439,251569.7932766388
20409.977782067803,12718.594534345277,9053.089258868056,57085.064735017564,0.04056934397727432,75.48610520010205,46.84256645196173,330378.9153199755
22286.402023076207,7717.586797805931,15365.573568691412,48294.241556713445,0.030858459417046284,64.91271605990495,42.22826894985512,248971.97213247465
27279.11161073383,16080.229433565688,18960.122166051777,54064.24781506028,0.03429527004776742,78.3490625388039,36.11799158203388,264459.1836559363
23522.532699123614,7350.9800983208925,12588.394377071721,62353.48977918029,0.05235949270464435,48.866674610470874,45.07157200596669,191053.82543508374
23945.283436877595,14725.463815658126,9287.795130792,60467.7845603414,0.02361053890492862,66.80937301774918,40.17994776391452,239016.52738245198
20419.133139646805,9526.739844668758,7353.118424839575,36283.768255115254,0.020185258147402733,58.61818199477149,35.26204752774036,280476.30226043006
27052.295726017517,22949.103996923233,12773.927943663542,59841.89824106581,0.04126871731838885,77.03007521838437,31.96435674734085,172231.31330793787
22048.813979797487,18645.450888698888,15311.632029948772,49223.736739609776,0.02957085550964718,89.91671063263361,34.19082662337312,260042.25465578548
15694.560449132146,15423.015165085922,13425.503239486145,50874.48917618619,0.03245409977805904,84.69009280671827,3.2957426412194444,255039.5536322403
27016.849850625953,20054.826710618676,11992.788477243439,50878.36389202034,0.02875074897495109,39.425109587116616,37.10600839297642,252064.37277937197
23489.51636269514,11614.736090137056,10232.185044632082,48197.08413442088,0.032921598873859904,105.6310447939182,30.115239198896404,301857.9449329121
17784.779894357587,17173.917514680372,8723.509101845731,64300.48996528478,0.04778830489677073,79.42919910931303,50.926699982828836,266721.9257424261
17602.535163003784,15799.241734874853,14504.253978974646,48995.38448180946,0.04141702766894496,63.35251289260499,35.19344070811754,323903.5949178222
21482.87772570381,16056.08032533468,14741.314864156757,36565.446459401974,0.04189778809509582,77.3569187848641,23.11036580465038,200320.5242202982
22315.923976337923,20089.41400042707,7362.8106399278,45277.641728363255,0.02367018355365884,77.64284733754039,34.501198458718825,256796.2283609174
20986.46132815603,17929.96841111921,16769.51693454205,52144.33660172571,0.02579077010757705,64.99726924572654,24.538789149374956,254223.33931949738
21556.543367214425,16154.894651300094,13722.213662682005,64750.577411564605,0.012287370724116588,77.96875001013113,39.73407415712467,196537.275312246
28499.7868728819,8380.450255086816,16198.78393543738,57237.136219386004,0.02852495343133797,65.88791568569539,37.909473643394854,297814.7501045673
25357.71576117443,11159.814818882145,7973.616754544655,39793.576655035475,0.04265362549108527,68.93457010964966,44.57839631108268,366233.6652926409
20953.177956325122,14509.164265617103,7902.527533753683,79822.2790001467,0.03913557212598697,64.70581296367374,27.091182083054345,249149.69627580844
24706.552903837415,15373.489497106604,11553.092070698109,53177.30373173575,0.03322789389638301,53.50993065390521,35.34008096228147,275251.05441368837
14837.380482362303,10479.185101304305,13508.353280685582,65304.68885598818,0.03482159773025558,77.18754705323076,21.349782045733647,254225.92379076636
21989.635249734045,24646.706702313684,17389.082468780893,48179.42679707325,0.029488915659396757,83.77949154774507,42.01494781924715,214320.76650464121
29046.53174866555,21065.576221014293,14118.236741445395,56400.310936465394,0.036638071059214274,82.72325394114559,40.18871180440122,158961.98610989918
18909.770523038133,17408.473281569935,11271.9561695639,60073.622054220854,0.041127026235844924,87.29887878952852,39.95805021027571,214711.32584523174
15761.830356904575,15288.147445134979,8920.892377002323,64618.336541051074,0.02207290570071622,79.86510315022302,35.01619031356941,180402.08095241344
16739.555557034695,14151.164120395393,15690.001718157451,62688.4196645387,0.03739718150269879,67.00911752674645,39.14772890788791,335205.1039029559
14551.834813288058,11192.326159911057,9105.883722747856,60466.364000875736,0.04245947896763734,87.59495796646783,51.043391083085965,244244.51530383804
16076.190459361484,15309.92207407545,16885.405664316964,46218.9592256707,0.03167919768829305,54.63723690237097,32.14905742957986,232704.03354764148
18147.459507049854,16031.010160571002,11146.846051180471,43139.047496527266,0.04060560489696467,61.4899292623128,36.38645183710084,294457.6912393903
12972.16490410679,10032.957698073504,16771.74621785355,53991.29012389037,0.05751723555578043,60.53699892865133,24.138737008185903,193912.4448572056
20078.091669748017,16336.70566897959,14036.793870177835,61197.53686809283,0.03416525765610487,91.20084088708965,26.317390384016676,211656.79809977236
24511.385868933234,14378.963804701005,11589.013531672625,47327.351590680715,0.03814645640004259,89.14182771210113,35.97813293093307,253403.61346243107
15461.219099265398,7368.769768490436,10441.81088452162,62782.06358857264,0.02909554333070887,82.30957855567492,46.03933546701907,301438.44957117405
27596.41961820884,11558.459956881992,10977.27636796176,67431.40094583415,0.036450009300816405,91.07894797817696,32.43719175748428,275084.25225843943
22553.960442637974,13345.577866313422,13284.950077125712,39004.148971118964,0.03868217299985843,61.810758263820176,32.64083470687876,262416.25712579413
25152.902928120286,22550.750629360762,12231.46948865315,39956.95155444464,0.03655873872216111,80.22892679791471,30.931147554956254,253905.88676180082
16710.827230739313,17226.21249813503,10218.565775793884,48315.49929313596,0.02684243744232915,73.12238357425254,29.65243329155677,270011.79277633876
24272.626135333077,9658.073723600435,11503.105769047103,53691.35201827036,0.03665089417060361,87.70323155827371,37.949714557088214,260082.64525646274
14540.330498023435,16944.145157670548,12235.731089157449,43705.19583479539,0.0466975675097411,73.27163651171703,20.027423548213555,198501.3862611532
24451.237504182543,8810.784044246539,5613.797716755564,66226.43214640573,0.03858908611611622,69.22585667384878,47.80939576666728,252303.96108165756
20859.196698967655,19330.764215548294,13374.504344366096,55088.802338221416,0.04269589751257473,83.11362777841485,28.345777018705395,196315.56705411238
22766.256099923918,13115.501392728485,9060.83632584958,50473.364578888875,0.03310390423989898,88.1425375078685,42.21903485438141,254054.1271450412
14122.02697187574,14625.455245043317,8540.002790382765,32769.08571357767,0.04099920191538969,64.97482207729797,22.30001402606124,225967.60292558794
15524.650788616977,20303.18659016876,6937.966958667869,34210.210202869916,0.037234142705732214,74.08386492971435,41.68840130546218,376969.0811391431
22986.141091266923,9851.345725662999,6618.322506396329,53372.11100338167,0.02739271416250215,59.123390495375205,41.719446078144976,248005.2808124144
15258.259978878996,9411.527259548035,7933.657490663132,24408.852486141965,0.037548168038391,37.529084737605906,38.84202072005897,179788.02168692055
22316.031460495615,12665.60269461598,9872.93712710853,62151.64891572886,0.027066426692477517,78.00689447120594,25.055714782002077,243290.98946615378
13164.310967698771,19153.51540407727,17859.777412579704,48102.15386753216,0.02993695780092167,84.13358034381947,37.495481895980774,275967.9372818944
24240.87106333334,8922.615698092632,10422.360972314389,88917.1156351368,0.03651462645833899,78.93100213630089,23.16943815265611,333668.1973076262
13837.383426157456,3671.3776075577243,12533.250318804094,77694.99500739333,0.037377954187041,45.75657423368449,32.472367449038146,220527.38000306409
22761.499688397616,13195.364566364005,13201.444159518986,47822.6111690298,0.025486140279382972,69.73725854885288,45.29413100955326,170878.60129881802
23128.154668230003,17206.96319964368,12393.195558647547,48723.95596962422,0.043431886169463016,41.72478359923378,42.96701927070742,290841.85057154903
16516.140907852125,19801.046998955317,11767.669617822019,61946.97816802436,0.039576050226403786,95.54551661481277,35.15182942540433,180970.06470501743
22910.132835423636,13147.354551658404,8414.118709202266,70438.07131901645,0.029362172515112934,58.70918126822871,25.251934240771583,228192.22792462574
21302.21131666778,13354.29357153599,16352.782644837636,30343.6513107678,0.0226993216284066,93.83105414189845,41.455877121741935,237118.9757244503
17305.790719036308,19615.602937022988,17421.589930913655,28563.49441574376,0.03384076336734855,89.18804465526219,35.193812376980254,246518.3273349946
14957.22657961896,7521.033201218318,6952.023917631943,42535.582333347425,0.03143245028911072,61.49114471195907,11.796844017695769,284458.2228537168
10186.871541637105,13445.916899267962,8927.914227340862,56992.850998086375,0.03590512365642418,58.008225730983824,42.826298263165185,215818.2858856806
21748.25023649847,15761.69555970023,11160.568972868981,55962.48308609117,0.032095066710755474,80.25555324579507,34.75767166130308,236313.53739166196
12175.986143189724,16796.874885140136,9106.386615269426,62837.257459806206,0.018940345114039924,62.33513944225393,47.02451247983072,249286.48235253058
20476.72099720654,12960.77322723647,13517.896660367596,35603.6296596163,0.031893224493590736,76.53726963237311,24.047294811571952,257479.8978759394
18682.758919588756,15137.764046823366,9815.18339278016,22206.27364437348,0.0325550471114535,67.75758613789623,3.232961868039993,254891.35873539612
23395.713877190978,5046.690586348042,18495.16820341981,60296.170343625745,0.04006928819819247,48.282623783015495,37.79083858345185,271800.28876112896
18489.77250255068,12367.006350664607,15571.645783030788,40061.64472441719,0.029414402603111605,41.542979713133114,37.91563676681973,292191.9754820869
18352.761068264543,16814.03485021787,12637.722091896645,25778.145627336344,0.04842939738698053,78.40026372741896,18.093283723935482,269631.7057825484
23659.353521441477,11070.823862981282,15080.958789959197,51740.76495151258,0.01970687559478595,66.57663380504061,25.215004541333936,272679.2761754609
21675.290145420586,15235.93688635839,15317.701273071927,59518.108258624125,0.045489339982420995,66.70365274628801,62.55217743719902,170888.84166267613
21580.779785913892,16787.49000321079,10308.15753582527,48535.31441454467,0.033205448232975165,85.43795758640678,31.943893858461966,252511.38495828403
22346.33794904263,13629.80319656894,9551.348266374105,44505.81936581013,0.04187667897874845,92.60163414948667,42.30958976376216,273975.37740008044
12322.13938396447,15681.855083986284,12234.429188908942,48087.65321424912,0.03563841187246987,70.91182917957286,28.493401726316165,286447.0597285225
23783.94339993491,11149.069738861552,14584.908373493832,45553.00685119061,0.04411644428820376,69.89101939635208,14.096971011468433,215382.4612883103
23062.34397006801,14173.554881215814,12417.181195960253,33823.434656718,0.031901104283577515,82.50214549670825,33.297417532040946,217048.03625556774
14916.584357117514,17440.86467835689,7269.010553427009,41423.83187611482,0.026211036598577507,54.64596645450637,32.34395439713895,221294.9662358201
18779.597631628993,15627.891843873736,9591.526668147473,56255.358860165776,0.04636403429816851,78.34729582121545,31.001217613316285,276820.6949945672
19803.463561861845,12653.874921744258,11778.081409216866,53860.142496518005,0.034092154832942874,83.27828957733232,33.853591644936074,301694.0527462104
19327.516077991335,15896.865617163172,11773.003187022508,52016.717671601844,0.036772467788993686,85.20345312626444,37.64268271645636,229626.99463541992
21669.299832842673,17858.43916254647,17917.626530369424,38058.218217759444,0.04487801531235837,45.94870946246303,33.49883048746194,295398.11568135244
27156.833909155917,6800.234885690088,7842.036172803006,47821.962054371994,0.026744358063244524,63.57967095286589,22.35993832052636,256173.9904582297
25408.833638364144,19636.29625982359,13516.767725507623,23875.219442685742,0.03976392718111406,61.826051207648,39.86184791561939,243785.7111418782
13438.90403284297,13654.981045275712,16467.339324984867,52141.719966624674,0.030280841948296874,76.49830431613819,15.506282446775767,239430.78850910155
23110.349951530243,16701.95973296092,18814.34923626839,67146.29249376281,0.033942645154845026,82.21116869651976,14.496425427157998,287330.56823010783
26644.66659767705,19788.987694580912,10786.807730448116,32310.41441549473,0.03557823172307432,97.45065611168972,42.39180494701568,266278.8908393535
21934.042603446014,9513.305211078135,13474.2883581606,42968.86792018694,0.022998225108424517,67.5755177944789,40.07020272135357,363791.2713823819
25454.902125929835,12162.235990289813,13709.28107159594,53949.28134452156,0.028769303657436525,67.5364125253618,34.42604634925964,207388.7678501338
30061.352228503827,13845.805216497181,12586.445194659873,65034.111613129804,0.045808583139305116,92.24508028318121,21.04551495244928,275905.08510149876
25118.547730534905,11864.985915502286,11703.464396282081,44621.3046043982,0.04208952950867837,79.44865407795457,27.920890593259244,223539.94950942436
21246.542978208643,21939.746303347234,13307.926168500138,41692.99604880925,0.03449888338138212,94.01477266781961,32.37253252313496,206535.6506505678
25225.442370423767,11572.911624692828,4403.2617443409445,26372.922291007002,0.03694498766810315,79.33092004514755,19.041060314258864,249456.6431482514
20724.439165484455,12777.812882052534,14046.208470187894,51241.25755169728,0.032646059954908345,57.64325071930094,27.609713419767672,256867.6239703518
20119.515216424777,15817.556126411908,12378.533710985901,74504.91248172492,0.04585266708662386,55.0030746783329,41.523303381766794,395908.6777530046
18242.92882143134,10191.401895695644,11332.575309665204,53328.30154357611,0.03339717937764669,51.72731626411607,49.273053642892165,240792.7092158399
27817.066794160542,13417.277152974944,18140.586587158672,49732.65224979544,0.036854736737078786,84.9307775213771,30.805652473414494,193491.06352576584
15907.856670289993,16269.813045000701,9975.197943628344,53864.98772920383,0.04416824115313653,92.82895234630513,42.56488354316098,263650.53587471927
27661.83862339058,13668.558382469955,10790.772032804907,49866.895952616775,0.02878102812123275,102.74043212079572,15.859399294125328,146267.99812268157
22499.32061870186,14626.452564400206,17974.6599066142,40243.827532878444,0.047470313475975155,87.6465799848486,41.594512411136115,245402.16086978672
13003.469125990292,12882.671550206516,9503.81608545043,59879.358988132466,0.02275630872205299,92.44257866302479,26.960515852725187,250801.26411475803
21838.24646495711,8942.118763276932,10349.654151190383,52709.13827734105,0.04803713704890239,66.29975501019473,38.0734561670797,289730.0191472606
9499.86746174188,16286.372845356955,11558.92372970745,50211.359023203884,0.032018595328384206,57.65376274884215,32.52247581760291,298681.1124713924
23127.54008415518,22019.732286588966,14522.203446388648,38295.607672661004,0.033058410017397746,87.7511899862633,48.20414009783834,224821.51905461412
24426.157414944955,15073.606523133752,12623.40752205994,65642.09518321711,0.01987991863053646,81.26521128359101,26.25564351660082,242469.29926850335
17038.22022173973,15901.056468990198,8122.123958543212,57976.43294399732,0.03136164226097846,76.6116656151134,41.27606297561831,211693.95846946645
20617.738479777912,17770.89102046744,10403.494310618431,43364.949951592374,0.02668154775178493,80.81057220949485,32.20492536703466,193596.8722596153
29770.78716875143,9922.678013813204,10177.936700363365,62021.89824418325,0.03013882923701222,79.84778223687309,33.41694521990336,265494.7389690317
17471.266478690315,21810.058632518423,11768.336864330864,44029.149939377516,0.03390151227368897,94.25725289780343,33.1614610684079,186320.72257017004
14705.462064716998,15809.315185691208,13277.530975889487,40615.958089867556,0.04266233291578325,94.42478377225433,26.54326895505887,229268.65497140685
27408.317012312993,21527.427596356436,13254.617267663916,40883.56259023656,0.036660826811205006,83.16330528510521,34.85901034093328,200241.30200503813
29812.935952653974,12067.868017904042,6671.964737854793,28747.177362942904,0.03746141322720892,87.68704308844393,34.37351777878178,277484.159314513
20018.478359239238,22272.2476902313,15191.822962682569,55658.50856501847,0.026235844889235506,82.71093828637164,37.41240248406729,340071.5049633244
25057.315177041783,18100.621976139133,12757.70653798987,28026.261459939797,0.02795396728317816,68.08245401948072,35.84505145692862,184920.60085983344
26707.379577654407,17212.160343409432,16153.596142781718,35258.67402481085,0.0493898001468105,86.3484701236971,42.97994549612236,157349.07585512154
16287.57883730808,15936.097817412592,13332.594981872016,25092.943891057603,0.02911839172189403,54.082573967111074,44.235086160473685,243755.65573249664
17573.470823160656,14005.885527702203,15303.968873207286,48967.16368650928,0.048249666016458366,90.80837328443825,24.493766781721988,250784.8897978879
26154.372565773676,19802.12663389549,13399.635934350381,48196.15447673754,0.03305551040895307,57.082155903509474,43.68772500590771,260932.96533786488
28425.071393542545,15561.439479392187,16038.677268608244,46079.645441763634,0.035018303489148035,79.28704930192099,23.136635728901457,227683.97423828277
22814.404300871774,7131.721185651391,13566.751908053335,37489.06766395309,0.043562921281839445,62.32269062360761,40.87855888137735,239968.03505872842
15600.928232489729,10531.25415317199,11706.254260671289,35933.194958760316,0.04517513937550925,83.30083474611641,41.197387847028686,268375.5205270301
29935.305558497206,14256.616991229012,18817.304161340646,55572.43836255889,0.03411349951776731,74.49112161108137,15.886831083374958,302021.54463224194
17345.14551094018,16239.995932662221,14667.111366839676,43393.376819498146,0.031894055571827694,51.078660627550015,35.9297924652941,152247.56148408586
18324.31109414274,14773.646044400417,13721.233263013239,53796.29985843374,0.034552636411822296,81.31049446527719,30.315038866396844,231553.0280484269
21711.689172448107,19875.883159174653,8171.086750384992,39377.01576650933,0.03770366022585695,66.33118834750934,27.41234742064625,260690.43969705317
27770.80210357387,7195.592543845501,8135.077147609387,52172.75291325299,0.042130429494958044,88.21720081220053,48.50852330699006,204101.1947694632
24269.879882761117,15574.35174602064,12878.14644642556,65639.33644779277,0.035033838871953216,75.01988533101611,28.46320859362581,336558.481588365
22074.327501809552,7728.083098451381,12436.563593304722,57033.9896047134,0.039951090384185234,80.93131478082057,26.9362307088195,218229.50598856315
22316.442650590532,18038.849181936675,10157.632304975052,45051.03418140224,0.04810687785816753,60.63646567477182,35.756949400050935,247935.36564963585
20217.57334321733,14622.165142231988,12422.94809883618,53086.387644271126,0.03805047689811828,66.16001652858957,41.85589746298416,277801.10484211455
22790.69757259253,16678.439888096473,16765.880784130786,47112.01790563745,0.03749322284803823,68.12042045848374,33.58351413989873,220435.76055990526
7352.199611528486,11544.468157640935,14086.207423650896,50094.56221633674,0.02284871339927946,87.85053720363834,46.663705456692526,157671.34760977916
18516.962704651007,20117.859726631003,8576.974470741785,46092.667374217956,0.013954158905367494,100.16065631708234,40.30975661964091,228567.27365417333
21206.609674583906,19166.898656235404,11665.473518571169,48027.977529375305,0.03810700583384135,62.92242372385685,13.217886802685697,301472.02779635205
14244.929581902465,17334.17721204755,9585.100557442318,52545.1202368901,0.034241406149753024,91.1527221698652,29.705330364929917,233155.24366074306
21931.6165890578,14481.931012546236,10836.900250774317,38079.69560501659,0.03088173860068207,42.45483873411447,29.38157900648301,207678.28492705108
18977.643895069392,17319.429141180528,10759.153003111072,37809.45407612026,0.03694824163349076,57.08715898361566,39.79360953429422,296283.6104751361
